SELECT COUNT(*) FROM singer	concert_singer
SELECT COUNT(*) FROM singer	concert_singer
SELECT name, country, age FROM singer ORDER BY age DESC	concert_singer
SELECT name, country, age FROM singer ORDER BY age DESC	concert_singer
SELECT avg(age), min(age), max(age) FROM singer WHERE country = 'France'	concert_singer
SELECT avg(age), min(age), max(age) FROM singer WHERE country = 'France'	concert_singer
SELECT name, song_release_year FROM singer ORDER BY age ASC LIMIT 1	concert_singer
SELECT name, song_name, song_release_year FROM singer WHERE age < 20	concert_singer
SELECT DISTINCT country FROM singer WHERE age > 22	concert_singer
SELECT DISTINCT country FROM singer WHERE age > 220	concert_singer
SELECT country, COUNT(*) FROM singer GROUP BY country	concert_singer
SELECT country, COUNT(*) FROM singer GROUP BY country	concert_singer
SELECT song_name FROM singer WHERE age > (SELECT avg(age) FROM singer)	concert_singer
SELECT song_name FROM singer WHERE age > (SELECT avg(age) FROM singer)	concert_singer
SELECT location, name FROM stadium WHERE capacity BETWEEN 5000 AND 10000	concert_singer
SELECT location, name FROM stadium WHERE capacity BETWEEN 5000 AND 10000	concert_singer
SELECT max(capacity), average FROM stadium	concert_singer
SELECT avg(capacity), max(capacity) FROM stadium	concert_singer
SELECT capacity FROM stadium ORDER BY average DESC LIMIT 1	concert_singer
SELECT name, capacity FROM stadium ORDER BY average DESC LIMIT 1	concert_singer
